-- --------------------------------------------------------
-- 主机:                           127.0.0.1
-- 服务器版本:                        5.5.53 - MySQL Community Server (GPL)
-- 服务器操作系统:                      Win32
-- HeidiSQL 版本:                  9.5.0.5196
-- --------------------------------------------------------

/*!40101 SET @OLD_CHARACTER_SET_CLIENT=@@CHARACTER_SET_CLIENT */;
/*!40101 SET NAMES utf8 */;
/*!50503 SET NAMES utf8mb4 */;
/*!40014 SET @OLD_FOREIGN_KEY_CHECKS=@@FOREIGN_KEY_CHECKS, FOREIGN_KEY_CHECKS=0 */;
/*!40101 SET @OLD_SQL_MODE=@@SQL_MODE, SQL_MODE='NO_AUTO_VALUE_ON_ZERO' */;


-- 导出 mrblog 的数据库结构
CREATE DATABASE IF NOT EXISTS `mrblog` /*!40100 DEFAULT CHARACTER SET utf8 */;
USE `mrblog`;

-- 导出  表 mrblog.bk_access 结构
CREATE TABLE IF NOT EXISTS `bk_access` (
  `id` int(11) NOT NULL AUTO_INCREMENT,
  `role_id` int(11) NOT NULL COMMENT '角色的ID',
  `permission_id` int(11) NOT NULL COMMENT '节点的ID',
  `type` tinyint(1) NOT NULL DEFAULT '1' COMMENT '标识是用户组还是用户1为用户组2为用户,默认为用户组',
  PRIMARY KEY (`id`),
  KEY `role_id` (`role_id`) USING BTREE,
  KEY `node_id` (`permission_id`) USING BTREE
) ENGINE=InnoDB AUTO_INCREMENT=559 DEFAULT CHARSET=utf8 COMMENT='权限表_by_jiang';

-- 正在导出表  mrblog.bk_access 的数据：~42 rows (大约)
/*!40000 ALTER TABLE `bk_access` DISABLE KEYS */;
INSERT INTO `bk_access` (`id`, `role_id`, `permission_id`, `type`) VALUES
	(517, 2, 1, 2),
	(518, 2, 43, 2),
	(519, 2, 55, 2),
	(520, 2, 73, 2),
	(521, 2, 59, 2),
	(522, 2, 67, 2),
	(523, 2, 4, 2),
	(524, 2, 2, 2),
	(525, 2, 3, 2),
	(526, 2, 68, 2),
	(527, 2, 53, 2),
	(528, 2, 1, 1),
	(529, 2, 43, 1),
	(530, 2, 55, 1),
	(531, 2, 73, 1),
	(532, 2, 57, 1),
	(533, 2, 58, 1),
	(534, 2, 59, 1),
	(535, 2, 60, 1),
	(536, 2, 61, 1),
	(537, 2, 62, 1),
	(538, 2, 63, 1),
	(539, 2, 67, 1),
	(540, 2, 4, 1),
	(541, 2, 20, 1),
	(542, 2, 27, 1),
	(543, 2, 28, 1),
	(544, 2, 29, 1),
	(545, 2, 2, 1),
	(546, 2, 23, 1),
	(547, 2, 24, 1),
	(548, 2, 25, 1),
	(549, 2, 26, 1),
	(550, 2, 3, 1),
	(551, 2, 30, 1),
	(552, 2, 31, 1),
	(553, 2, 32, 1),
	(554, 2, 33, 1),
	(555, 2, 68, 1),
	(556, 2, 53, 1),
	(557, 2, 66, 1),
	(558, 2, 44, 1);
/*!40000 ALTER TABLE `bk_access` ENABLE KEYS */;

-- 导出  表 mrblog.bk_action_log 结构
CREATE TABLE IF NOT EXISTS `bk_action_log` (
  `id` int(11) NOT NULL AUTO_INCREMENT,
  `username` varchar(50) NOT NULL COMMENT '登录的用户名',
  `user_id` int(11) NOT NULL COMMENT '登录的用户ID',
  `ip` varchar(20) NOT NULL COMMENT 'ip地址',
  `ip_adress` varchar(255) NOT NULL COMMENT 'ip所属的地区',
  `add_time` int(11) NOT NULL,
  `realname` varchar(30) NOT NULL COMMENT '真实姓名',
  `content` text NOT NULL COMMENT '记录的内容',
  PRIMARY KEY (`id`),
  KEY `user_id` (`user_id`) USING BTREE,
  KEY `username` (`username`) USING BTREE,
  KEY `addtime` (`add_time`) USING BTREE
) ENGINE=InnoDB AUTO_INCREMENT=549 DEFAULT CHARSET=utf8;

-- 正在导出表  mrblog.bk_action_log 的数据：~597 rows (大约)
/*!40000 ALTER TABLE `bk_action_log` DISABLE KEYS */;
INSERT INTO `bk_action_log` (`id`, `username`, `user_id`, `ip`, `ip_adress`, `add_time`, `realname`, `content`) VALUES
	(1, 'admin', 1, '127.0.0.1', '', 1433318628, '管理员', ''),
	(2, 'admin', 1, '127.0.0.1', '', 1433319059, '管理员', '登录系统成功'),
	(3, 'admin', 1, '127.0.0.1', '', 1433319146, '管理员', '登录系统成功'),
	(4, 'test', 2, '127.0.0.1', '', 1433323585, 'test', '登录系统成功'),
	(5, 'admin', 1, '127.0.0.1', '', 1433323596, '管理员', '登录系统成功'),
	(6, 'test', 2, '127.0.0.1', '', 1433387021, 'test', '登录系统成功'),
	(7, 'admin', 1, '127.0.0.1', '', 1433387092, '管理员', '登录系统成功'),
	(8, 'admin', 1, '127.0.0.1', '', 1433387394, '管理员', '登录系统成功'),
	(9, 'admin', 1, '127.0.0.1', '', 1433387489, '管理员', '增加了新的系统用户：test1231231123'),
	(10, 'admin', 1, '127.0.0.1', '', 1433388058, '管理员', '编辑了系统用户：test1231231123'),
	(11, 'admin', 1, '127.0.0.1', '', 1433389439, '管理员', '增加了新的系统用户：123123aab'),
	(12, 'admin', 1, '127.0.0.1', '', 1433389488, '管理员', '增加了新的系统用户：12313123123'),
	(13, 'admin', 1, '127.0.0.1', '', 1433389702, '管理员', '增加了新的系统用户：123123ffffffff'),
	(14, 'admin', 1, '127.0.0.1', '', 1433389728, '管理员', '增加了新的系统用户：123123gg'),
	(15, 'admin', 1, '127.0.0.1', '', 1433390103, '管理员', '删除了系统用户：12313123123'),
	(16, 'admin', 1, '127.0.0.1', '', 1433390300, '管理员', '删除了系统用户：123123aab'),
	(17, 'admin', 1, '127.0.0.1', '', 1433390407, '管理员', '登录系统成功'),
	(18, 'test', 2, '127.0.0.1', '', 1433390430, 'test', '登录系统成功'),
	(19, 'admin', 1, '127.0.0.1', '', 1433397520, '管理员', '增加了新的用户组：sdfasf'),
	(20, 'admin', 1, '127.0.0.1', '', 1433398047, '管理员', '编辑了用户组：sdfasf'),
	(21, 'admin', 1, '127.0.0.1', '', 1433398364, '管理员', '删除了系统用户：sdfasf'),
	(22, 'admin', 1, '127.0.0.1', '', 1433398384, '管理员', '删除了用户组：test123'),
	(23, 'admin', 1, '127.0.0.1', '', 1433398933, '管理员', '增加了新的用户组：:groupname'),
	(24, 'admin', 1, '127.0.0.1', '', 1433398963, '管理员', '改变了用户组的权限：测试用户组'),
	(25, 'admin', 1, '127.0.0.1', '', 1433399098, '管理员', '改变了用户的权限：test'),
	(26, 'admin', 1, '127.0.0.1', '', 1433400975, '管理员', '登录系统成功'),
	(27, 'admin', 1, '127.0.0.1', '', 1433408366, '管理员', '增加了新的系统用户：test123'),
	(28, 'admin', 1, '127.0.0.1', '', 1433408371, '管理员', '删除了系统用户：test123'),
	(29, 'admin', 1, '127.0.0.1', '', 1433408376, '管理员', '改变了用户的权限：test'),
	(30, 'admin', 1, '127.0.0.1', '', 1433904485, '管理员', '登录系统成功'),
	(31, 'admin', 1, '127.0.0.1', '', 1433904731, '管理员', '增加了新的用户组：1123'),
	(32, 'admin', 1, '127.0.0.1', '', 1433904744, '管理员', '删除了用户组：1123'),
	(33, 'test', 2, '127.0.0.1', '', 1433905009, 'test', '登录系统成功'),
	(34, 'admin', 1, '127.0.0.1', '', 1433907007, '管理员', '登录系统成功'),
	(35, 'admin', 1, '127.0.0.1', '', 1433909004, '管理员', '增加了新的用户组：1123'),
	(36, 'admin', 1, '127.0.0.1', '', 1433985688, '管理员', '登录系统成功'),
	(37, 'admin', 1, '127.0.0.1', '', 1434093122, '管理员', '登录系统成功'),
	(38, 'admin', 1, '127.0.0.1', '', 1434094731, '管理员', '登录系统成功'),
	(39, 'admin', 1, '127.0.0.1', '', 1434333022, '管理员', '登录系统成功'),
	(40, 'admin', 1, '127.0.0.1', '', 1434333284, '管理员', '登录系统成功'),
	(41, 'admin', 1, '127.0.0.1', '', 1434334022, '管理员', '增加了新的用户组：123123ssss'),
	(42, 'admin', 1, '127.0.0.1', '', 1434334039, '管理员', '编辑了用户组：123123ssssa'),
	(43, 'admin', 1, '127.0.0.1', '', 1434334965, '管理员', '删除了用户组：123123ssssa'),
	(44, 'admin', 1, '127.0.0.1', '', 1434334970, '管理员', '删除了用户组：1123'),
	(45, 'admin', 1, '127.0.0.1', '', 1434335101, '管理员', '增加了新的工作流：工作流2'),
	(46, 'admin', 1, '127.0.0.1', '', 1434335308, '管理员', '增加了新的工作流：工作流3'),
	(47, 'admin', 1, '127.0.0.1', '', 1434336740, '管理员', '登录系统成功'),
	(48, 'admin', 1, '127.0.0.1', '', 1434337228, '管理员', '编辑了工作流：工作流11'),
	(49, 'admin', 1, '127.0.0.1', '', 1434337255, '管理员', '增加了新的工作流：123123'),
	(50, 'admin', 1, '127.0.0.1', '', 1434338302, '管理员', '登录系统成功'),
	(51, 'admin', 1, '127.0.0.1', '', 1434338514, '管理员', '删除了工作流：工作流2'),
	(52, 'admin', 1, '127.0.0.1', '', 1434339359, '管理员', '增加了新的用户组：123'),
	(53, 'admin', 1, '127.0.0.1', '', 1434339370, '管理员', '改变了用户组的权限：123'),
	(54, 'admin', 1, '127.0.0.1', '', 1434339391, '管理员', '改变了用户组的权限：123'),
	(55, 'admin', 1, '127.0.0.1', '', 1434339412, '管理员', '改变了用户组的权限：123'),
	(56, 'admin', 1, '127.0.0.1', '', 1434339442, '管理员', '删除了用户组：123'),
	(57, 'admin', 1, '127.0.0.1', '', 1434339604, '管理员', '增加了新的系统用户：123123ffffffff'),
	(58, 'admin', 1, '127.0.0.1', '', 1434339625, '管理员', '改变了用户的权限：123123ffffffff'),
	(59, 'admin', 1, '127.0.0.1', '', 1434339648, '管理员', '删除了系统用户：123123ffffffff'),
	(60, 'admin', 1, '127.0.0.1', '', 1434339672, '管理员', '改变了用户组的权限：测试用户组'),
	(61, 'admin', 1, '127.0.0.1', '', 1434339687, '管理员', '增加了新的系统用户：123123gg'),
	(62, 'admin', 1, '127.0.0.1', '', 1434339703, '管理员', '改变了用户的权限：123123gg'),
	(63, 'admin', 1, '127.0.0.1', '', 1434339721, '管理员', '删除了系统用户：123123gg'),
	(64, 'admin', 1, '127.0.0.1', '', 1434339734, '管理员', '改变了用户的权限：test'),
	(65, 'admin', 1, '127.0.0.1', '', 1434339747, '管理员', '删除了用户组：测试用户组'),
	(66, 'admin', 1, '127.0.0.1', '', 1434341772, '管理员', '编辑了工作流：工作流1'),
	(67, 'admin', 1, '127.0.0.1', '', 1434345134, '管理员', '登录系统成功'),
	(68, 'admin', 1, '127.0.0.1', '', 1434347265, '管理员', '登录系统成功'),
	(69, 'admin', 1, '127.0.0.1', '', 1434349496, '管理员', '登录系统成功'),
	(70, 'admin', 1, '127.0.0.1', '', 1434352541, '管理员', '增加了新的工作流步骤：财务总监审核'),
	(71, 'admin', 1, '127.0.0.1', '', 1434352641, '管理员', '增加了新的工作流步骤：公司复责人审核'),
	(72, 'admin', 1, '127.0.0.1', '', 1434353123, '管理员', '登录系统成功'),
	(73, 'admin', 1, '127.0.0.1', '', 1434354662, '管理员', '编辑了工作流步骤：公司负责人审核'),
	(74, 'admin', 1, '127.0.0.1', '', 1434354730, '管理员', '编辑了工作流步骤：公司负责人审核'),
	(75, 'admin', 1, '127.0.0.1', '', 1434354742, '管理员', '编辑了工作流步骤：公司负责人审核'),
	(76, 'admin', 1, '127.0.0.1', '', 1434354752, '管理员', '编辑了工作流步骤：公司负责人审核'),
	(77, 'admin', 1, '127.0.0.1', '', 1434354837, '管理员', '增加了新的工作流步骤：xx'),
	(78, 'admin', 1, '127.0.0.1', '', 1434354941, '管理员', '登录系统成功'),
	(79, 'admin', 1, '127.0.0.1', '', 1434355261, '管理员', '删除了工作流步骤：xx'),
	(80, 'admin', 1, '127.0.0.1', '', 1434422513, '管理员', '登录系统成功'),
	(81, 'admin', 1, '127.0.0.1', '', 1434441684, '管理员', '关联了用户test到工作流工作流1中的审核步骤财务审核'),
	(82, 'admin', 1, '127.0.0.1', '', 1434441764, '管理员', '关联了用户：test到工作流：工作流1中的审核步骤：财务审核'),
	(83, 'admin', 1, '127.0.0.1', '', 1434441764, '管理员', '关联了用户：管理员到工作流：工作流1中的审核步骤：财务审核'),
	(84, 'admin', 1, '127.0.0.1', '', 1434441789, '管理员', '关联了用户：test 到工作流：工作流1 中的审核步骤：财务审核'),
	(85, 'admin', 1, '127.0.0.1', '', 1434441789, '管理员', '关联了用户：管理员 到工作流：工作流1 中的审核步骤：财务审核'),
	(86, 'admin', 1, '127.0.0.1', '', 1434441843, '管理员', '关联了用户：test 到工作流：工作流1 中的审核步骤：财务审核'),
	(87, 'admin', 1, '127.0.0.1', '', 1434443074, '管理员', '增加了新的工作流：测试仪'),
	(88, 'admin', 1, '127.0.0.1', '', 1434443280, '管理员', '编辑了工作流：测试仪'),
	(89, 'admin', 1, '127.0.0.1', '', 1434443296, '管理员', '增加了新的工作流步骤：123'),
	(90, 'admin', 1, '127.0.0.1', '', 1434443311, '管理员', '增加了新的工作流步骤：ads'),
	(91, 'admin', 1, '127.0.0.1', '', 1434443332, '管理员', '关联了用户：test 到工作流：测试仪 中的审核步骤：123'),
	(92, 'admin', 1, '127.0.0.1', '', 1434443347, '管理员', '关联了用户：管理员 到工作流：测试仪 中的审核步骤：ads'),
	(93, 'admin', 1, '127.0.0.1', '', 1434443452, '管理员', '增加了新的工作流步骤：1231'),
	(94, 'admin', 1, '127.0.0.1', '', 1434443543, '管理员', '增加了新的工作流步骤：123123123'),
	(95, 'admin', 1, '127.0.0.1', '', 1434443554, '管理员', '删除了工作流步骤：123123123'),
	(96, 'admin', 1, '127.0.0.1', '', 1434443580, '管理员', '删除了工作流：测试仪'),
	(97, 'admin', 1, '127.0.0.1', '', 1434443792, '管理员', '改变了用户的权限：test'),
	(98, 'admin', 1, '127.0.0.1', '', 1434443823, '管理员', '登录系统成功'),
	(99, 'test', 2, '127.0.0.1', '', 1434443878, 'test', '登录系统成功'),
	(100, 'test', 2, '127.0.0.1', '', 1434444960, 'test', '登录系统成功'),
	(101, 'test', 2, '127.0.0.1', '', 1434444985, 'test', '增加了新的工作流：123'),
	(102, 'test', 2, '127.0.0.1', '', 1434444994, 'test', '编辑了工作流：123'),
	(103, 'test', 2, '127.0.0.1', '', 1434445001, 'test', '删除了工作流：123'),
	(104, 'admin', 1, '127.0.0.1', '', 1434445027, '管理员', '改变了用户的权限：test'),
	(105, 'admin', 1, '127.0.0.1', '', 1434445038, '管理员', '登录系统成功'),
	(106, 'admin', 1, '127.0.0.1', '', 1434507752, '管理员', '关联了用户：test 到工作流：工作流1 中的审核步骤：财务总监审核'),
	(107, 'admin', 1, '127.0.0.1', '', 1434507752, '管理员', '关联了用户：管理员 到工作流：工作流1 中的审核步骤：财务总监审核'),
	(108, 'admin', 1, '127.0.0.1', '', 1434507770, '管理员', '关联了用户：管理员 到工作流：工作流1 中的审核步骤：公司负责人审核'),
	(109, 'admin', 1, '127.0.0.1', '', 1434508916, '管理员', '增加了新的工作流：测试工作流'),
	(110, 'admin', 1, '127.0.0.1', '', 1434508942, '管理员', '编辑了工作流：测试工作流'),
	(111, 'admin', 1, '127.0.0.1', '', 1434509294, '管理员', '编辑了工作流：工作流1'),
	(112, 'admin', 1, '127.0.0.1', '', 1434509313, '管理员', '编辑了工作流：测试工作流'),
	(113, 'admin', 1, '127.0.0.1', '', 1434509520, '管理员', '编辑了工作流：测试工作流'),
	(114, 'admin', 1, '127.0.0.1', '', 1434516742, '管理员', '增加了新的工作流步骤：测试1'),
	(115, 'admin', 1, '127.0.0.1', '', 1434516769, '管理员', '增加了新的工作流步骤：测试2'),
	(116, 'admin', 1, '127.0.0.1', '', 1434516774, '管理员', '关联了用户：管理员 到工作流：测试工作流 中的审核步骤：测试1'),
	(117, 'admin', 1, '127.0.0.1', '', 1434516845, '管理员', '关联了用户：test 到工作流：测试工作流 中的审核步骤：测试1'),
	(118, 'admin', 1, '127.0.0.1', '', 1434516853, '管理员', '关联了用户：test 到工作流：测试工作流 中的审核步骤：测试1'),
	(119, 'admin', 1, '127.0.0.1', '', 1434516853, '管理员', '关联了用户：管理员 到工作流：测试工作流 中的审核步骤：测试1'),
	(120, 'admin', 1, '127.0.0.1', '', 1434517331, '管理员', '登录系统成功'),
	(121, 'admin', 1, '127.0.0.1', '', 1434520918, '管理员', '登录系统成功'),
	(122, 'admin', 1, '127.0.0.1', '', 1434523410, '管理员', '关联了用户：test 到工作流：测试工作流 中的审核步骤：测试2'),
	(123, 'admin', 1, '127.0.0.1', '', 1434523426, '管理员', '编辑了工作流步骤：测试1'),
	(124, 'admin', 1, '127.0.0.1', '', 1434523612, '管理员', '关联了用户：test 到工作流：测试工作流 中的审核步骤：测试1'),
	(125, 'admin', 1, '127.0.0.1', '', 1434523635, '管理员', '关联了用户：管理员 到工作流：测试工作流 中的审核步骤：测试2'),
	(126, 'test', 2, '127.0.0.1', '', 1434523662, 'test', '登录系统成功'),
	(127, 'test', 2, '127.0.0.1', '', 1434524881, 'test', '增加了新的工作流：xx'),
	(128, 'test', 2, '127.0.0.1', '', 1434524889, 'test', '删除了工作流：xx'),
	(129, 'test', 2, '127.0.0.1', '', 1434524895, 'test', '删除了工作流：工作流11'),
	(130, 'admin', 1, '127.0.0.1', '', 1435044773, '管理员', '登录系统成功'),
	(131, 'admin', 1, '127.0.0.1', '', 1435114399, '管理员', '登录系统成功'),
	(132, 'admin', 1, '127.0.0.1', '', 1435117746, '管理员', '登录系统成功'),
	(133, 'admin', 1, '127.0.0.1', '', 1435117778, '管理员', '登录系统成功'),
	(134, 'admin', 1, '127.0.0.1', '', 1435118579, '管理员', '登录系统成功'),
	(135, 'admin', 1, '127.0.0.1', '', 1435118762, '管理员', '登录系统成功'),
	(136, 'admin', 1, '127.0.0.1', '', 1435126625, '管理员', '登录系统成功'),
	(137, 'admin', 1, '127.0.0.1', '', 1435127311, '管理员', '登录系统成功'),
	(138, 'admin', 1, '127.0.0.1', '', 1435127360, '管理员', '登录系统成功'),
	(139, 'admin', 1, '127.0.0.1', '', 1435129351, '管理员', '登录系统成功'),
	(140, 'admin', 1, '127.0.0.1', '', 1435288666, '管理员', '登录系统成功'),
	(141, 'admin', 1, '127.0.0.1', '', 1435304943, '管理员', '编辑了用户组：超级用户组'),
	(142, 'admin', 1, '127.0.0.1', '', 1435304988, '管理员', '增加了新的用户组：123'),
	(143, 'admin', 1, '127.0.0.1', '', 1435305005, '管理员', '增加了新的用户组：123'),
	(144, 'admin', 1, '127.0.0.1', '', 1435305072, '管理员', '编辑了工作流：测试工作流'),
	(145, 'admin', 1, '127.0.0.1', '', 1435305087, '管理员', '改变了用户组的权限：123'),
	(146, 'admin', 1, '127.0.0.1', '', 1435305090, '管理员', '改变了用户组的权限：123'),
	(147, 'admin', 1, '127.0.0.1', '', 1435305093, '管理员', '改变了用户组的权限：123'),
	(148, 'admin', 1, '127.0.0.1', '', 1435305096, '管理员', '改变了用户组的权限：123'),
	(149, 'admin', 1, '127.0.0.1', '', 1435305098, '管理员', '改变了用户组的权限：123'),
	(150, 'admin', 1, '127.0.0.1', '', 1435305101, '管理员', '改变了用户组的权限：123'),
	(151, 'admin', 1, '127.0.0.1', '', 1435305104, '管理员', '改变了用户组的权限：123'),
	(152, 'admin', 1, '127.0.0.1', '', 1435305106, '管理员', '改变了用户组的权限：123'),
	(153, 'admin', 1, '127.0.0.1', '', 1435305109, '管理员', '改变了用户组的权限：123'),
	(154, 'admin', 1, '127.0.0.1', '', 1435305112, '管理员', '改变了用户组的权限：123'),
	(155, 'admin', 1, '127.0.0.1', '', 1435305114, '管理员', '改变了用户组的权限：123'),
	(156, 'admin', 1, '127.0.0.1', '', 1435305144, '管理员', '删除了用户组：123'),
	(157, 'admin', 1, '127.0.0.1', '', 1435305194, '管理员', '改变了用户组的权限：123'),
	(158, 'admin', 1, '127.0.0.1', '', 1435543884, '管理员', '登录系统成功'),
	(159, 'admin', 1, '127.0.0.1', '', 1435543919, '管理员', '改变了用户组的权限：123'),
	(160, 'admin', 1, '127.0.0.1', '', 1435543924, '管理员', '改变了用户组的权限：123'),
	(161, 'admin', 1, '127.0.0.1', '', 1435544846, '管理员', '改变了用户组的权限：123'),
	(162, 'admin', 1, '127.0.0.1', '', 1435544858, '管理员', '改变了用户组的权限：123'),
	(163, 'admin', 1, '127.0.0.1', '', 1435544905, '管理员', '改变了用户组的权限：123'),
	(164, 'admin', 1, '127.0.0.1', '', 1435544909, '管理员', '改变了用户组的权限：123'),
	(165, 'admin', 1, '127.0.0.1', '', 1435545169, '管理员', '删除了用户组：123'),
	(166, 'admin', 1, '127.0.0.1', '', 1435545229, '管理员', '删除了系统用户：test'),
	(167, 'admin', 1, '127.0.0.1', '', 1435545383, '管理员', '登录系统成功'),
	(168, 'admin', 1, '127.0.0.1', '', 1435545965, '管理员', '改变了用户的权限：admin'),
	(169, 'admin', 1, '127.0.0.1', '', 1435546040, '管理员', '改变了用户的权限：admin'),
	(170, 'admin', 1, '127.0.0.1', '', 1435546116, '管理员', '改变了用户的权限：admin'),
	(171, 'admin', 1, '127.0.0.1', '', 1435546127, '管理员', '改变了用户的权限：admin'),
	(172, 'admin', 1, '127.0.0.1', '', 1435546171, '管理员', '改变了用户的权限：admin'),
	(173, 'admin', 1, '127.0.0.1', '', 1435546175, '管理员', '改变了用户的权限：admin'),
	(174, 'admin', 1, '127.0.0.1', '', 1435548904, '管理员', '改变了用户组的权限：超级用户组'),
	(175, 'admin', 1, '127.0.0.1', '', 1435551384, '管理员', '关联了用户：管理员 到工作流：测试工作流 中的审核步骤：测试1'),
	(176, 'admin', 1, '127.0.0.1', '', 1435551469, '管理员', '登录系统成功'),
	(177, 'admin', 1, '127.0.0.1', '', 1435551480, '管理员', '改变了用户的权限：admin'),
	(178, 'admin', 1, '127.0.0.1', '', 1435551487, '管理员', '改变了用户的权限：admin'),
	(179, 'admin', 1, '127.0.0.1', '', 1435551491, '管理员', '改变了用户的权限：admin'),
	(180, 'admin', 1, '127.0.0.1', '', 1435551494, '管理员', '改变了用户的权限：admin'),
	(181, 'admin', 1, '127.0.0.1', '', 1435551504, '管理员', '编辑了用户组：超级用户组'),
	(182, 'admin', 1, '127.0.0.1', '', 1435563248, '管理员', '编辑了用户组：超级用户组'),
	(183, 'admin', 1, '127.0.0.1', '', 1435563266, '管理员', '编辑了用户组：超级用户组'),
	(184, 'admin', 1, '127.0.0.1', '', 1435563284, '管理员', '编辑了用户组：超级用户组'),
	(185, 'admin', 1, '127.0.0.1', '', 1435563326, '管理员', '编辑了用户组：超级用户组'),
	(186, 'admin', 1, '127.0.0.1', '', 1435563375, '管理员', '编辑了系统用户：admin'),
	(187, 'admin', 1, '127.0.0.1', '', 1435563479, '管理员', '编辑了用户组：超级用户组'),
	(188, 'admin', 1, '127.0.0.1', '', 1435563853, '管理员', '登录系统成功'),
	(189, 'admin', 1, '127.0.0.1', '', 1435563866, '管理员', '改变了用户组的权限：超级用户组'),
	(190, 'admin', 1, '127.0.0.1', '', 1435568665, '管理员', '改变了用户组的权限：超级用户组'),
	(191, 'admin', 1, '127.0.0.1', '', 1435630315, '管理员', '登录系统成功'),
	(192, 'admin', 1, '127.0.0.1', '', 1435631134, '管理员', '改变了用户的权限：admin'),
	(193, 'admin', 1, '127.0.0.1', '', 1435631327, '管理员', '登录系统成功'),
	(194, 'admin', 1, '127.0.0.1', '', 1435632843, '管理员', '编辑了系统用户：admin'),
	(195, 'admin', 1, '127.0.0.1', '', 1435637075, '管理员', '编辑了用户组：超级用户组'),
	(196, 'admin', 1, '127.0.0.1', '', 1435638964, '管理员', '编辑了工作流步骤：测试1'),
	(197, 'admin', 1, '127.0.0.1', '', 1435649867, '管理员', '改变了用户组的权限：超级用户组'),
	(198, 'admin', 1, '127.0.0.1', '', 1435737120, '管理员', '登录系统成功'),
	(199, 'admin', 1, '127.0.0.1', '', 1435738202, '管理员', '登录系统成功'),
	(200, 'admin', 1, '127.0.0.1', '', 1436147586, '管理员', '登录系统成功'),
	(201, 'admin', 1, '127.0.0.1', '', 1436147922, '管理员', '登录系统成功'),
	(202, 'admin', 1, '127.0.0.1', '', 1436150023, '管理员', '登录系统成功'),
	(203, 'admin', 1, '127.0.0.1', '', 1436150360, '管理员', '登录系统成功'),
	(204, 'admin', 1, '127.0.0.1', '', 1436150536, '管理员', '登录系统成功'),
	(205, 'admin', 1, '127.0.0.1', '', 1436152462, '管理员', '登录系统成功'),
	(206, 'admin', 1, '127.0.0.1', '', 1436153673, '管理员', '登录系统成功'),
	(207, 'admin', 1, '127.0.0.1', '', 1436153740, '管理员', '登录系统成功'),
	(208, 'admin', 1, '127.0.0.1', '', 1436156479, '管理员', '登录系统成功'),
	(209, 'admin', 1, '127.0.0.1', '', 1436169648, '管理员', '增加了新的系统用户：test'),
	(210, 'admin', 1, '127.0.0.1', '', 1436169666, '管理员', '增加了新的用户组：test'),
	(211, 'admin', 1, '127.0.0.1', '', 1436169678, '管理员', '编辑了系统用户：test'),
	(212, 'admin', 1, '127.0.0.1', '', 1436169830, '管理员', '改变了用户组的权限：test'),
	(213, 'admin', 1, '127.0.0.1', '', 1436169901, '管理员', '改变了用户组的权限：test'),
	(214, 'admin', 1, '127.0.0.1', '', 1436169909, '管理员', '改变了用户组的权限：test'),
	(215, 'test', 2, '127.0.0.1', '', 1436169949, 'test', '登录系统成功'),
	(216, 'admin', 1, '127.0.0.1', '', 1436170007, '管理员', '改变了用户组的权限：test'),
	(217, 'test', 2, '127.0.0.1', '', 1436170015, 'test', '登录系统成功'),
	(218, 'admin', 1, '127.0.0.1', '', 1436170400, '管理员', '改变了用户组的权限：test'),
	(219, 'test', 2, '127.0.0.1', '', 1436170410, 'test', '登录系统成功'),
	(220, 'admin', 1, '127.0.0.1', '', 1436170781, '管理员', '改变了用户组的权限：test'),
	(221, 'test', 2, '127.0.0.1', '', 1436170792, 'test', '登录系统成功'),
	(222, 'test', 2, '127.0.0.1', '', 1436170892, 'test', '增加了新的用户组：test2'),
	(223, 'test', 2, '127.0.0.1', '', 1436170910, 'test', '增加了新的系统用户：test2'),
	(224, 'test', 2, '127.0.0.1', '', 1436171238, 'test', '登录系统成功'),
	(225, 'test', 2, '127.0.0.1', '', 1436171403, 'test', '登录系统成功'),
	(226, 'admin', 1, '127.0.0.1', '', 1436232722, '管理员', '登录系统成功'),
	(227, 'admin', 1, '127.0.0.1', '', 1436237053, '管理员', '登录系统成功'),
	(228, 'admin', 1, '127.0.0.1', '', 1436237105, '管理员', '登录系统成功'),
	(229, 'test', 2, '127.0.0.1', '', 1436237162, 'test', '登录系统成功'),
	(230, 'admin', 1, '127.0.0.1', '', 1436237329, '管理员', '改变了用户的权限：test2'),
	(231, 'admin', 1, '127.0.0.1', '', 1436237524, '管理员', '改变了用户的权限：test2'),
	(232, 'admin', 1, '127.0.0.1', '', 1436237637, '管理员', '登录系统成功'),
	(233, 'admin', 1, '127.0.0.1', '', 1436237837, '管理员', '改变了用户组的权限：test'),
	(234, 'test', 2, '127.0.0.1', '', 1436237855, 'test', '登录系统成功'),
	(235, 'admin', 1, '127.0.0.1', '', 1436237898, '管理员', '改变了用户的权限：test2'),
	(236, 'admin', 1, '127.0.0.1', '', 1436237901, '管理员', '改变了用户的权限：test2'),
	(237, 'admin', 1, '127.0.0.1', '', 1436237909, '管理员', '改变了用户的权限：test2'),
	(238, 'admin', 1, '127.0.0.1', '', 1436238450, '管理员', '改变了用户的权限：test2'),
	(239, 'admin', 1, '127.0.0.1', '', 1436238456, '管理员', '改变了用户的权限：test2'),
	(240, 'admin', 1, '127.0.0.1', '', 1436238502, '管理员', '改变了用户的权限：test2'),
	(241, 'admin', 1, '127.0.0.1', '', 1436238870, '管理员', '改变了用户的权限：test2'),
	(242, 'admin', 1, '127.0.0.1', '', 1436238871, '管理员', '改变了用户的权限：test2'),
	(243, 'admin', 1, '127.0.0.1', '', 1436239312, '管理员', '改变了用户的权限：test2'),
	(244, 'admin', 1, '127.0.0.1', '', 1436239313, '管理员', '改变了用户的权限：test2'),
	(245, 'admin', 1, '127.0.0.1', '', 1436239654, '管理员', '改变了用户的权限：test2'),
	(246, 'admin', 1, '127.0.0.1', '', 1436239658, '管理员', '改变了用户的权限：test2'),
	(247, 'admin', 1, '127.0.0.1', '', 1436239716, '管理员', '改变了用户的权限：test2'),
	(248, 'admin', 1, '127.0.0.1', '', 1436239767, '管理员', '改变了用户的权限：test2'),
	(249, 'admin', 1, '127.0.0.1', '', 1436239771, '管理员', '改变了用户的权限：test2'),
	(250, 'admin', 1, '127.0.0.1', '', 1436240071, '管理员', '改变了用户的权限：test2'),
	(251, 'admin', 1, '127.0.0.1', '', 1436240359, '管理员', '改变了用户的权限：test2'),
	(252, 'admin', 1, '127.0.0.1', '', 1436240365, '管理员', '改变了用户的权限：test2'),
	(253, 'admin', 1, '127.0.0.1', '', 1436240399, '管理员', '改变了用户的权限：test2'),
	(254, 'admin', 1, '127.0.0.1', '', 1436240488, '管理员', '改变了用户的权限：test2'),
	(255, 'admin', 1, '127.0.0.1', '', 1436240505, '管理员', '改变了用户的权限：test2'),
	(256, 'admin', 1, '127.0.0.1', '', 1436240705, '管理员', '改变了用户的权限：test2'),
	(257, 'admin', 1, '127.0.0.1', '', 1436240712, '管理员', '改变了用户的权限：test2'),
	(258, 'admin', 1, '127.0.0.1', '', 1436240856, '管理员', '改变了用户的权限：test2'),
	(259, 'admin', 1, '127.0.0.1', '', 1436241021, '管理员', '改变了用户的权限：test2'),
	(260, 'admin', 1, '127.0.0.1', '', 1436241046, '管理员', '改变了用户的权限：test2'),
	(261, 'admin', 1, '127.0.0.1', '', 1436241056, '管理员', '改变了用户的权限：test2'),
	(262, 'admin', 1, '127.0.0.1', '', 1436241060, '管理员', '改变了用户的权限：test2'),
	(263, 'admin', 1, '127.0.0.1', '', 1436241060, '管理员', '改变了用户的权限：test2'),
	(264, 'admin', 1, '127.0.0.1', '', 1436241253, '管理员', '改变了用户的权限：test2'),
	(265, 'admin', 1, '127.0.0.1', '', 1436241261, '管理员', '改变了用户的权限：test2'),
	(266, 'admin', 1, '127.0.0.1', '', 1436241264, '管理员', '改变了用户的权限：test2'),
	(267, 'admin', 1, '127.0.0.1', '', 1436241311, '管理员', '改变了用户的权限：test2'),
	(268, 'admin', 1, '127.0.0.1', '', 1436241317, '管理员', '改变了用户的权限：test2'),
	(269, 'admin', 1, '127.0.0.1', '', 1436241322, '管理员', '改变了用户的权限：test2'),
	(270, 'admin', 1, '127.0.0.1', '', 1436241338, '管理员', '改变了用户的权限：test2'),
	(271, 'admin', 1, '127.0.0.1', '', 1436241435, '管理员', '编辑了用户组：test2'),
	(272, 'admin', 1, '127.0.0.1', '', 1436241449, '管理员', '改变了用户组的权限：test2'),
	(273, 'admin', 1, '127.0.0.1', '', 1436241533, '管理员', '登录系统成功'),
	(274, 'test', 2, '127.0.0.1', '', 1436241545, 'test', '登录系统成功'),
	(275, 'test', 2, '127.0.0.1', '', 1436241556, 'test', '改变了用户的权限：test2'),
	(276, 'test', 2, '127.0.0.1', '', 1436241995, 'test', '改变了用户的权限：test2'),
	(277, 'admin', 1, '127.0.0.1', '', 1436242006, '管理员', '改变了用户组的权限：test2'),
	(278, 'admin', 1, '127.0.0.1', '', 1436242054, '管理员', '改变了用户组的权限：test2'),
	(279, 'admin', 1, '127.0.0.1', '', 1436242083, '管理员', '改变了用户组的权限：test2'),
	(280, 'admin', 1, '127.0.0.1', '', 1436242180, '管理员', '改变了用户组的权限：test2'),
	(281, 'admin', 1, '127.0.0.1', '', 1436242954, '管理员', '改变了用户组的权限：test2'),
	(282, 'admin', 1, '127.0.0.1', '', 1436242957, '管理员', '改变了用户组的权限：test2'),
	(283, 'admin', 1, '127.0.0.1', '', 1436242960, '管理员', '改变了用户组的权限：test2'),
	(284, 'admin', 1, '127.0.0.1', '', 1436242963, '管理员', '改变了用户组的权限：test2'),
	(285, 'admin', 1, '127.0.0.1', '', 1436242986, '管理员', '改变了用户组的权限：test2'),
	(286, 'admin', 1, '127.0.0.1', '', 1436242989, '管理员', '改变了用户组的权限：test2'),
	(287, 'admin', 1, '127.0.0.1', '', 1436244454, '管理员', '登录系统成功'),
	(288, 'admin', 1, '127.0.0.1', '', 1436245828, '管理员', '编辑了用户组：test2'),
	(289, 'admin', 1, '127.0.0.1', '', 1436246346, '管理员', '删除了用户组：test2'),
	(290, 'admin', 1, '127.0.0.1', '', 1436246373, '管理员', '改变了用户的权限：test2'),
	(291, 'admin', 1, '127.0.0.1', '', 1436247233, '管理员', '改变了用户组的权限：test'),
	(292, 'admin', 1, '127.0.0.1', '', 1436321211, '管理员', '登录系统成功'),
	(293, 'admin', 1, '127.0.0.1', '', 1436325559, '管理员', '登录系统成功'),
	(294, 'admin', 1, '127.0.0.1', '', 1436499013, '管理员', '登录系统成功'),
	(295, 'admin', 1, '127.0.0.1', '', 1436500439, '管理员', '登录系统成功'),
	(296, 'admin', 1, '127.0.0.1', '', 1436501830, '管理员', '增加了新的工作流：测试辅助权限工作流'),
	(297, 'admin', 1, '127.0.0.1', '', 1436501908, '管理员', '编辑了工作流：测试辅助权限工作流'),
	(298, 'admin', 1, '127.0.0.1', '', 1436504505, '管理员', '增加了新的工作流步骤：测试辅助权限工作流步骤'),
	(299, 'admin', 1, '127.0.0.1', '', 1436504716, '管理员', '编辑了工作流步骤：测试辅助权限工作流步骤'),
	(300, 'admin', 1, '127.0.0.1', '', 1436504733, '管理员', '增加了新的工作流步骤：123'),
	(301, 'admin', 1, '127.0.0.1', '', 1436504748, '管理员', '编辑了工作流步骤：123'),
	(302, 'admin', 1, '127.0.0.1', '', 1436504788, '管理员', '增加了新的工作流步骤：测试辅助权限工作流步骤2'),
	(303, 'admin', 1, '127.0.0.1', '', 1436504811, '管理员', '编辑了工作流步骤：测试辅助权限工作流步骤2'),
	(304, 'admin', 1, '127.0.0.1', '', 1436504822, '管理员', '编辑了工作流步骤：测试辅助权限工作流步骤2'),
	(305, 'admin', 1, '127.0.0.1', '', 1436504830, '管理员', '编辑了工作流步骤：123'),
	(306, 'admin', 1, '127.0.0.1', '', 1436504841, '管理员', '增加了新的工作流步骤：123123gg'),
	(307, 'admin', 1, '127.0.0.1', '', 1436504850, '管理员', '编辑了工作流步骤：123123gg'),
	(308, 'admin', 1, '127.0.0.1', '', 1436504859, '管理员', '删除了工作流步骤：123'),
	(309, 'admin', 1, '127.0.0.1', '', 1436504863, '管理员', '删除了工作流步骤：123123gg'),
	(310, 'admin', 1, '127.0.0.1', '', 1436504877, '管理员', '关联了用户：test 到工作流：测试辅助权限工作流 中的审核步骤：测试辅助权限工作流步骤'),
	(311, 'admin', 1, '127.0.0.1', '', 1436504877, '管理员', '关联了用户：管理员 到工作流：测试辅助权限工作流 中的审核步骤：测试辅助权限工作流步骤'),
	(312, 'admin', 1, '127.0.0.1', '', 1436504889, '管理员', '关联了用户：1 到工作流：测试辅助权限工作流 中的审核步骤：测试辅助权限工作流步骤2'),
	(313, 'admin', 1, '127.0.0.1', '', 1436509226, '管理员', '关联了用户：1 到工作流：测试工作流 中的审核步骤：测试2'),
	(314, 'admin', 1, '127.0.0.1', '', 1436510712, '管理员', '增加了新的工作流：辅助权限测试2'),
	(315, 'admin', 1, '127.0.0.1', '', 1436510726, '管理员', '编辑了工作流：辅助权限测试2'),
	(316, 'admin', 1, '127.0.0.1', '', 1436510735, '管理员', '编辑了工作流：辅助权限测试2'),
	(317, 'admin', 1, '127.0.0.1', '', 1436510752, '管理员', '删除了工作流：测试辅助权限工作流'),
	(318, 'admin', 1, '127.0.0.1', '', 1436510782, '管理员', '增加了新的工作流步骤：测试辅助权限工作流步骤'),
	(319, 'admin', 1, '127.0.0.1', '', 1436510790, '管理员', '编辑了工作流步骤：测试辅助权限工作流步骤'),
	(320, 'admin', 1, '127.0.0.1', '', 1436510821, '管理员', '增加了新的工作流步骤：234'),
	(321, 'admin', 1, '127.0.0.1', '', 1436510828, '管理员', '删除了工作流步骤：234'),
	(322, 'admin', 1, '127.0.0.1', '', 1436510854, '管理员', '关联了用户：test 到工作流：辅助权限测试2 中的审核步骤：测试辅助权限工作流步骤'),
	(323, 'admin', 1, '127.0.0.1', '', 1436510871, '管理员', '删除了工作流：工作流1'),
	(324, 'admin', 1, '127.0.0.1', '', 1436510894, '管理员', '增加了新的工作流：123123ffffffff'),
	(325, 'admin', 1, '127.0.0.1', '', 1436510906, '管理员', '编辑了工作流：123123ffffffff'),
	(326, 'admin', 1, '127.0.0.1', '', 1436510918, '管理员', '增加了新的工作流步骤：123123'),
	(327, 'admin', 1, '127.0.0.1', '', 1436510925, '管理员', '编辑了工作流步骤：123123'),
	(328, 'admin', 1, '127.0.0.1', '', 1436510933, '管理员', '关联了用户：管理员 到工作流：123123ffffffff 中的审核步骤：123123'),
	(329, 'admin', 1, '127.0.0.1', '', 1436510945, '管理员', '删除了工作流：123123ffffffff'),
	(330, 'admin', 1, '127.0.0.1', '', 1439442301, '管理员', '登录系统成功'),
	(331, 'admin', 1, '127.0.0.1', '', 1439442348, '管理员', '改变了用户的权限：test2'),
	(332, 'admin', 1, '127.0.0.1', '', 1439881984, '管理员', '登录系统成功'),
	(333, 'admin', 1, '127.0.0.1', '', 1439958807, '管理员', '登录系统成功'),
	(334, 'admin', 1, '127.0.0.1', '', 1440127383, '管理员', '登录系统成功'),
	(335, 'admin', 1, '127.0.0.1', '', 1440141329, '管理员', '编辑了用户组：test'),
	(336, 'admin', 1, '127.0.0.1', '', 1440141343, '管理员', '编辑了用户组：test'),
	(337, 'admin', 1, '127.0.0.1', '', 1440141382, '管理员', '改变了用户组的权限：test'),
	(338, 'admin', 1, '127.0.0.1', '', 1440141971, '管理员', '删除了系统用户：test2'),
	(339, 'admin', 1, '127.0.0.1', '', 1440142130, '管理员', '登录系统成功'),
	(340, 'admin', 1, '127.0.0.1', '', 1440143103, '管理员', '登录系统成功'),
	(341, 'admin', 1, '127.0.0.1', '', 1440144726, '管理员', '登录系统成功'),
	(342, 'test', 2, '127.0.0.1', '', 1440400566, 'test', '登录系统成功'),
	(343, 'admin', 1, '127.0.0.1', '', 1440553533, '管理员', '登录系统成功'),
	(344, 'admin', 1, '127.0.0.1', '', 1440732870, '管理员', '改变了用户的权限：test'),
	(345, 'admin', 1, '127.0.0.1', '', 1440732901, '管理员', '改变了用户的权限：test'),
	(346, 'admin', 1, '127.0.0.1', '', 1440733134, '管理员', '改变了用户的权限：test'),
	(347, 'admin', 1, '127.0.0.1', '', 1440733178, '管理员', '改变了用户的权限：test'),
	(348, 'admin', 1, '127.0.0.1', '', 1440733192, '管理员', '改变了用户的权限：test'),
	(349, 'admin', 1, '127.0.0.1', '', 1440747027, '管理员', '登录系统成功'),
	(350, 'admin', 1, '127.0.0.1', '', 1440752422, '管理员', '登录系统成功'),
	(351, 'admin', 1, '127.0.0.1', '', 1440752521, '管理员', '登录系统成功'),
	(352, 'admin', 1, '127.0.0.1', '', 1440986204, '管理员', '登录系统成功'),
	(353, 'admin', 1, '127.0.0.1', '', 1440987027, '管理员', '改变了用户的权限：test'),
	(354, 'admin', 1, '127.0.0.1', '', 1440987038, '管理员', '改变了用户的权限：test'),
	(355, 'admin', 1, '127.0.0.1', '', 1440990388, '管理员', '登录系统成功'),
	(356, 'admin', 1, '172.16.1.16', '', 1440996634, '管理员', '登录系统成功'),
	(357, 'admin', 1, '172.16.1.29', '', 1440997574, '管理员', '登录系统成功'),
	(358, 'admin', 1, '172.16.1.29', '', 1440998409, '管理员', '登录系统成功'),
	(359, 'admin', 1, '172.16.1.16', '', 1441010130, '管理员', '登录系统成功'),
	(360, 'admin', 1, '127.0.0.1', '', 1441072471, '管理员', '登录系统成功'),
	(361, 'admin', 1, '127.0.0.1', '', 1441073024, '管理员', '登录系统成功'),
	(362, 'admin', 1, '127.0.0.1', '', 1441076322, '管理员', '登录系统成功'),
	(363, 'admin', 1, '127.0.0.1', '', 1441076696, '管理员', '登录系统成功'),
	(364, 'admin', 1, '127.0.0.1', '', 1441076910, '管理员', '登录系统成功'),
	(365, 'admin', 1, '127.0.0.1', '', 1441078414, '管理员', '登录系统成功'),
	(366, 'admin', 1, '127.0.0.1', '', 1441078679, '管理员', '登录系统成功'),
	(367, 'admin', 1, '127.0.0.1', '', 1441078735, '管理员', '登录系统成功'),
	(368, 'admin', 1, '127.0.0.1', '', 1441078764, '管理员', '登录系统成功'),
	(369, 'admin', 1, '127.0.0.1', '', 1441081431, '管理员', '登录系统成功'),
	(370, 'admin', 1, '127.0.0.1', '', 1441089446, '管理员', '登录系统成功'),
	(371, 'admin', 1, '127.0.0.1', '', 1441089832, '管理员', '登录系统成功'),
	(372, 'admin', 1, '127.0.0.1', '', 1441091508, '管理员', '编辑了工作流步骤：测试辅助权限工作流步骤'),
	(373, 'admin', 1, '127.0.0.1', '', 1441095278, '管理员', '关联了用户：test 到工作流：辅助权限测试2 中的审核步骤：测试辅助权限工作流步骤'),
	(374, 'admin', 1, '127.0.0.1', '', 1441095278, '管理员', '关联了用户：管理员 到工作流：辅助权限测试2 中的审核步骤：测试辅助权限工作流步骤'),
	(375, 'admin', 1, '127.0.0.1', '', 1441164748, '管理员', '登录系统成功'),
	(376, 'admin', 1, '127.0.0.1', '', 1441165379, '管理员', '登录系统成功'),
	(377, 'admin', 1, '127.0.0.1', '', 1441166728, '管理员', '登录系统成功'),
	(378, 'admin', 1, '127.0.0.1', '', 1441182102, '管理员', '登录系统成功'),
	(379, 'admin', 1, '127.0.0.1', '', 1441184294, '管理员', '改变了用户的权限：test'),
	(380, 'test', 2, '127.0.0.1', '', 1441184308, 'test', '登录系统成功'),
	(381, 'admin', 1, '127.0.0.1', '', 1441184420, '管理员', '登录系统成功'),
	(382, 'admin', 1, '127.0.0.1', '', 1441184455, '管理员', '改变了用户的权限：test'),
	(383, 'test', 2, '127.0.0.1', '', 1441184462, 'test', '登录系统成功'),
	(384, 'admin', 1, '127.0.0.1', '', 1441504557, '管理员', '登录系统成功'),
	(385, 'admin', 1, '127.0.0.1', '', 1441514297, '管理员', '登录系统成功'),
	(386, 'admin', 1, '127.0.0.1', '', 1441520184, '管理员', '登录系统成功'),
	(387, 'admin', 1, '127.0.0.1', '', 1441593767, '管理员', '登录系统成功'),
	(388, 'admin', 1, '127.0.0.1', '', 1441593826, '管理员', '登录系统成功'),
	(389, 'admin', 1, '127.0.0.1', '', 1441595735, '管理员', '登录系统成功'),
	(390, 'admin', 1, '127.0.0.1', '', 1441596952, '管理员', '登录系统成功'),
	(391, 'test', 2, '127.0.0.1', '', 1441596968, 'test', '登录系统成功'),
	(392, 'admin', 1, '127.0.0.1', '', 1441597272, '管理员', '登录系统成功'),
	(393, 'test', 2, '127.0.0.1', '', 1441597346, 'test', '登录系统成功'),
	(394, 'admin', 1, '127.0.0.1', '', 1441598281, '管理员', '登录系统成功'),
	(395, 'admin', 1, '127.0.0.1', '', 1441598300, '管理员', '改变了用户的权限：test'),
	(396, 'test', 2, '127.0.0.1', '', 1441598310, 'test', '登录系统成功'),
	(397, 'admin', 1, '127.0.0.1', '', 1441598447, '管理员', '登录系统成功'),
	(398, 'admin', 1, '127.0.0.1', '', 1441599182, '管理员', '登录系统成功'),
	(399, 'admin', 1, '127.0.0.1', '', 1441599228, '管理员', '登录系统成功'),
	(400, 'admin', 1, '127.0.0.1', '', 1441599787, '管理员', '增加了新的工作流步骤：测试日志记录'),
	(401, 'admin', 1, '127.0.0.1', '', 1441599912, '管理员', '编辑了文章：测试日志记录'),
	(402, 'admin', 1, '127.0.0.1', '', 1441600083, '管理员', '编辑了文章：测试日志记录'),
	(403, 'admin', 1, '127.0.0.1', '', 1441600107, '管理员', '增加了新的文章：测试一下'),
	(404, 'admin', 1, '127.0.0.1', '', 1441600410, '管理员', '删除了文章：测试日志记录'),
	(405, 'admin', 1, '127.0.0.1', '', 1441600410, '管理员', '删除了文章：测试一下'),
	(406, 'admin', 1, '127.0.0.1', '', 1441600880, '管理员', '关联了文章：ZeroClipboard插件如何批量初始化。 到推荐位 原创首页金融头条'),
	(407, 'admin', 1, '127.0.0.1', '', 1441600880, '管理员', '关联了文章：ZeroClipboard插件如何批量初始化。 到推荐位 原创首页汽车头条'),
	(408, 'admin', 1, '127.0.0.1', '', 1441600880, '管理员', '关联了文章：[centos软件安装]iftop的安装 到推荐位 原创首页金融头条'),
	(409, 'admin', 1, '127.0.0.1', '', 1441600880, '管理员', '关联了文章：[centos软件安装]iftop的安装 到推荐位 原创首页汽车头条'),
	(410, 'admin', 1, '127.0.0.1', '', 1441601038, '管理员', '关联了文章：[centos使用记录]如何启动多个php-fpm且互不影响？ 到推荐位 原创首页时尚头条'),
	(411, 'admin', 1, '127.0.0.1', '', 1441601038, '管理员', '关联了文章：sphinx全文搜索Php方面的处理 到推荐位 原创首页时尚头条'),
	(412, 'admin', 1, '127.0.0.1', '', 1441601584, '管理员', '增加了新的文章分类：测试文章分类'),
	(413, 'admin', 1, '127.0.0.1', '', 1441601602, '管理员', '编辑了文章：:title'),
	(414, 'admin', 1, '127.0.0.1', '', 1441601627, '管理员', '编辑了文章分类：测试文章分类'),
	(415, 'admin', 1, '127.0.0.1', '', 1441601838, '管理员', '删除了文章分类：测试文章分类'),
	(416, 'admin', 1, '127.0.0.1', '', 1441606229, '管理员', '增加了新的文章推荐位：测试'),
	(417, 'admin', 1, '127.0.0.1', '', 1441606278, '管理员', '编辑了文章推荐位：测试'),
	(418, 'admin', 1, '127.0.0.1', '', 1441606421, '管理员', '编辑了文章推荐位：测试'),
	(419, 'admin', 1, '127.0.0.1', '', 1441606536, '管理员', '删除了文章推荐位：测试'),
	(420, 'admin', 1, '127.0.0.1', '', 1441607682, '管理员', '文章 [centos使用记录]如何启动多个php-fpm且互不影响？，推荐位：原创首页时尚头条，取消了关联'),
	(421, 'admin', 1, '127.0.0.1', '', 1441608226, '管理员', '排序了推荐位：原创首页移动互联网头条'),
	(422, 'admin', 1, '127.0.0.1', '', 1441608316, '管理员', '文章 sphinx全文搜索Php方面的处理，推荐位：原创首页移动互联网头条，取消了关联'),
	(423, 'admin', 1, '127.0.0.1', '', 1441608316, '管理员', '文章 [centos使用记录]如何启动多个php-fpm且互不影响？，推荐位：原创首页移动互联网头条，取消了关联'),
	(424, 'admin', 1, '127.0.0.1', '', 1441608652, '管理员', '删除了文章标签：123'),
	(425, 'admin', 1, '127.0.0.1', '', 1441608962, '管理员', '删除了文章标签：真的不错'),
	(426, 'admin', 1, '127.0.0.1', '', 1441608962, '管理员', '删除了文章标签：不错哦'),
	(427, 'admin', 1, '127.0.0.1', '', 1441608982, '管理员', '删除了文章评论：不错不错'),
	(428, 'admin', 1, '127.0.0.1', '', 1441608982, '管理员', '删除了文章评论：不错，楼主威武'),
	(429, 'admin', 1, '127.0.0.1', '', 1441610034, '管理员', '登录系统成功'),
	(430, 'admin', 1, '127.0.0.1', '', 1441610141, '管理员', '回复了文章[[php扩展安装]opcache的安装]的评论[123123]，回复内容为[123123]'),
	(431, 'admin', 1, '127.0.0.1', '', 1441610191, '管理员', '删除了文章评论：牛B'),
	(432, 'admin', 1, '127.0.0.1', '', 1441610191, '管理员', '删除了文章评论：123'),
	(433, 'admin', 1, '127.0.0.1', '', 1441610191, '管理员', '删除了文章评论：123123'),
	(434, 'admin', 1, '127.0.0.1', '', 1441610191, '管理员', '删除了文章评论：123123'),
	(435, 'admin', 1, '127.0.0.1', '', 1441610191, '管理员', '删除了文章评论：123123'),
	(436, 'admin', 1, '127.0.0.1', '', 1441610218, '管理员', '回复了文章[[php扩展安装]opcache的安装]的评论[谢谢，谢谢]，回复内容为[hi, Tomy，已经补上简单的配置。]'),
	(437, 'admin', 1, '127.0.0.1', '', 1441610277, '管理员', '回复了文章[[php扩展安装]opcache的安装]的评论[谢谢，谢谢]，回复内容为[虎虎，好的。]'),
	(438, 'admin', 1, '127.0.0.1', '', 1441610309, '管理员', '编辑了文章：subversion的编译安装'),
	(439, 'test', 2, '127.0.0.1', '', 1441610467, 'test', '登录系统成功'),
	(440, 'admin', 1, '127.0.0.1', '', 1441612168, '管理员', '登录系统成功'),
	(441, 'admin', 1, '127.0.0.1', '', 1441616855, '管理员', '登录系统成功'),
	(442, 'admin', 1, '127.0.0.1', '', 1441617330, '管理员', '回复了文章[[centos软件安装]phpng的安装]的评论[不懂为什么用ab测试简单的一个脚本，phpng的比php5.5.x的慢了好几倍，为什么呢？]，回复内容为[你问我，我问谁啊]'),
	(443, 'admin', 1, '127.0.0.1', '', 1441685543, '管理员', '登录系统成功'),
	(444, 'admin', 1, '127.0.0.1', '', 1441685675, '管理员', '登录系统成功'),
	(445, 'admin', 1, '127.0.0.1', '', 1441687531, '管理员', '文章 ZeroClipboard插件如何批量初始化。，推荐位：测试推荐位，取消了关联'),
	(446, 'admin', 1, '127.0.0.1', '', 1441689658, '管理员', '增加了新的工作流：test'),
	(447, 'admin', 1, '127.0.0.1', '', 1441689668, '管理员', '编辑了工作流：test'),
	(448, 'admin', 1, '127.0.0.1', '', 1441689685, '管理员', '增加了新的工作流步骤：test123123'),
	(449, 'admin', 1, '127.0.0.1', '', 1441689708, '管理员', '增加了新的工作流步骤：23234'),
	(450, 'admin', 1, '127.0.0.1', '', 1441689718, '管理员', '编辑了工作流步骤：test123123'),
	(451, 'admin', 1, '127.0.0.1', '', 1441689729, '管理员', '关联了用户：test 到工作流：test 中的审核步骤：test123123'),
	(452, 'admin', 1, '127.0.0.1', '', 1441689729, '管理员', '关联了用户：管理员 到工作流：test 中的审核步骤：test123123'),
	(453, 'admin', 1, '127.0.0.1', '', 1441689737, '管理员', '删除了工作流步骤：test123123'),
	(454, 'admin', 1, '127.0.0.1', '', 1441689742, '管理员', '删除了工作流步骤：23234'),
	(455, 'admin', 1, '127.0.0.1', '', 1441689766, '管理员', '编辑了工作流：test'),
	(456, 'admin', 1, '127.0.0.1', '', 1441689776, '管理员', '删除了工作流：test'),
	(457, 'admin', 1, '127.0.0.1', '', 1441689806, '管理员', '增加了新的系统用户：123123'),
	(458, 'admin', 1, '127.0.0.1', '', 1441689820, '管理员', '改变了用户的权限：123123'),
	(459, 'admin', 1, '127.0.0.1', '', 1441689829, '管理员', '删除了系统用户：123123'),
	(460, 'admin', 1, '127.0.0.1', '', 1441689892, '管理员', '关联了文章：ZeroClipboard插件如何批量初始化。 到推荐位 原创首页汽车头条'),
	(461, 'admin', 1, '127.0.0.1', '', 1441689892, '管理员', '关联了文章：[centos软件安装]iftop的安装 到推荐位 原创首页汽车头条'),
	(462, 'admin', 1, '127.0.0.1', '', 1441689946, '管理员', '排序了推荐位：原创首页汽车头条'),
	(463, 'admin', 1, '127.0.0.1', '', 1441689952, '管理员', '文章 [centos软件安装]iftop的安装，推荐位：原创首页汽车头条，取消了关联'),
	(464, 'admin', 1, '127.0.0.1', '', 1441689976, '管理员', '删除了文章评论：你问我，我问谁啊'),
	(465, 'admin', 1, '127.0.0.1', '', 1441689997, '管理员', '回复了文章[[php扩展安装]opcache的安装]的评论[虎虎，好的。]，回复内容为[哈哈]'),
	(466, 'admin', 1, '127.0.0.1', '', 1441692588, '管理员', '删除了文章评论：哈哈'),
	(467, 'admin', 1, '127.0.0.1', '', 1441703310, '管理员', '登录系统成功'),
	(468, 'admin', 1, '127.0.0.1', '', 1441763767, '管理员', '登录系统成功'),
	(469, 'admin', 1, '127.0.0.1', '', 1441858886, '管理员', '登录系统成功'),
	(470, 'admin', 1, '127.0.0.1', '', 1441874439, '管理员', '登录系统成功'),
	(471, 'admin', 1, '127.0.0.1', '', 1441874933, '管理员', '删除了文章评论：那是当然，我从来不骗人的。'),
	(472, 'admin', 1, '127.0.0.1', '', 1441874933, '管理员', '删除了文章评论：谢谢，谢谢'),
	(473, 'admin', 1, '127.0.0.1', '', 1441874933, '管理员', '删除了文章评论：虎虎，好的。'),
	(474, 'admin', 1, '127.0.0.1', '', 1441874945, '管理员', '删除了文章评论：好的哦。'),
	(475, 'admin', 1, '127.0.0.1', '', 1441874983, '管理员', '回复了文章[[php扩展安装]opcache的安装]的评论[很好]，回复内容为[什么鬼东西]'),
	(476, 'admin', 1, '127.0.0.1', '', 1441936203, '管理员', '登录系统成功'),
	(477, 'admin', 1, '127.0.0.1', '', 1441937322, '管理员', '编辑了文章：subversion的编译安装'),
	(478, 'admin', 1, '127.0.0.1', '', 1441937492, '管理员', '编辑了文章：subversion的编译安装'),
	(479, 'admin', 1, '127.0.0.1', '', 1441939999, '管理员', '编辑了文章：subversion的编译安装'),
	(480, 'admin', 1, '127.0.0.1', '', 1441940010, '管理员', '编辑了文章：subversion的编译安装'),
	(481, 'admin', 1, '127.0.0.1', '', 1441940588, '管理员', '增加了新的文章：测试一下'),
	(482, 'admin', 1, '127.0.0.1', '', 1441940595, '管理员', '删除了文章：测试一下'),
	(483, 'admin', 1, '127.0.0.1', '', 1441941493, '管理员', '增加了新的文章：测试一下'),
	(484, 'admin', 1, '127.0.0.1', '', 1441941504, '管理员', '编辑了文章：测试一下'),
	(485, 'admin', 1, '127.0.0.1', '', 1441941509, '管理员', '删除了文章：测试一下'),
	(486, 'admin', 1, '127.0.0.1', '', 1441942837, '管理员', '增加了新的文章：测试一下'),
	(487, 'admin', 1, '127.0.0.1', '', 1441942844, '管理员', '编辑了文章：测试一下'),
	(488, 'admin', 1, '127.0.0.1', '', 1441942952, '管理员', '删除了文章：测试一下'),
	(489, 'admin', 1, '127.0.0.1', '', 1441944088, '管理员', '增加了新的文章：测试一下'),
	(490, 'admin', 1, '127.0.0.1', '', 1441944179, '管理员', '增加了新的文章：测试一下'),
	(491, 'admin', 1, '127.0.0.1', '', 1441944205, '管理员', '删除了文章：测试一下'),
	(492, 'admin', 1, '127.0.0.1', '', 1441944722, '管理员', '增加了新的文章：测试一下'),
	(493, 'admin', 1, '127.0.0.1', '', 1441944754, '管理员', '删除了文章：测试一下'),
	(494, 'admin', 1, '127.0.0.1', '', 1441944854, '管理员', '编辑了文章：subversion的编译安装'),
	(495, 'admin', 1, '127.0.0.1', '', 1441945875, '管理员', '编辑了文章：subversion的编译安装'),
	(496, 'admin', 1, '127.0.0.1', '', 1441947379, '管理员', '登录系统成功'),
	(497, 'admin', 1, '127.0.0.1', '', 1441952605, '管理员', '增加了新的文章：测试一下'),
	(498, 'admin', 1, '127.0.0.1', '', 1441952617, '管理员', '编辑了文章：subversion的编译安装'),
	(499, 'admin', 1, '127.0.0.1', '', 1441952629, '管理员', '编辑了文章：自动备份mysql数据库脚本'),
	(500, 'admin', 1, '127.0.0.1', '', 1441952636, '管理员', '编辑了文章：centos 使用过程中遇到的问题笔记'),
	(501, 'admin', 1, '127.0.0.1', '', 1441952644, '管理员', '编辑了文章：OpenVPN使用问题总结。'),
	(502, 'admin', 1, '127.0.0.1', '', 1441952683, '管理员', '编辑了文章：OpenVPN server端配置文件详细说明'),
	(503, 'admin', 1, '127.0.0.1', '', 1441952696, '管理员', '编辑了文章：How To Install OpenVPN On CentOS 7'),
	(504, 'admin', 1, '127.0.0.1', '', 1441952713, '管理员', '编辑了文章：[centos软件安装]openvpn的安装与配置'),
	(505, 'admin', 1, '127.0.0.1', '', 1441952756, '管理员', '编辑了文章：如何把网页生成imges,pdf？'),
	(506, 'admin', 1, '127.0.0.1', '', 1441952763, '管理员', '编辑了文章：[centos软件安装]phpng的安装'),
	(507, 'admin', 1, '127.0.0.1', '', 1441952772, '管理员', '编辑了文章：[php扩展安装]opcache的安装'),
	(508, 'admin', 1, '127.0.0.1', '', 1441952780, '管理员', '编辑了文章：[centos软件安装]如何独立安装apache的ab？'),
	(509, 'admin', 1, '127.0.0.1', '', 1441952788, '管理员', '编辑了文章：sphinx全文搜索Php方面的处理'),
	(510, 'admin', 1, '127.0.0.1', '', 1441952795, '管理员', '编辑了文章：[centos使用记录]如何启动多个php-fpm且互不影响？'),
	(511, 'admin', 1, '127.0.0.1', '', 1441952802, '管理员', '编辑了文章：[centos软件安装]iftop的安装'),
	(512, 'admin', 1, '127.0.0.1', '', 1441952813, '管理员', '编辑了文章：ZeroClipboard插件如何批量初始化。'),
	(513, 'admin', 1, '127.0.0.1', '', 1441952820, '管理员', '编辑了文章：[svn相关]使用记录'),
	(514, 'admin', 1, '127.0.0.1', '', 1441952842, '管理员', '编辑了文章：[centos问题集]yum install时报warning: rpmts_HdrFromFdno: Header V3 RSA/SHA256 Signature, key ID c105b9de: NOKEY'),
	(515, 'admin', 1, '127.0.0.1', '', 1441952855, '管理员', '编辑了文章：[问题集]重写session类的时候可能会导至nginx 502的问题的原因'),
	(516, 'admin', 1, '127.0.0.1', '', 1441952862, '管理员', '编辑了文章：[问题集]两个不同用户执行生成同一个文件所导至的读取权限问题。'),
	(517, 'admin', 1, '127.0.0.1', '', 1441952869, '管理员', '编辑了文章：[php扩展的安装]sphinx扩展的安装'),
	(518, 'admin', 1, '127.0.0.1', '', 1441952876, '管理员', '编辑了文章：[centos软件安装]sphinx的安装与配置以及php方面的处理'),
	(519, 'admin', 1, '127.0.0.1', '', 1441952883, '管理员', '编辑了文章：[centos软件安装]subversion的安装与多项目权限配置'),
	(520, 'admin', 1, '127.0.0.1', '', 1441952890, '管理员', '编辑了文章：[centos软件安装]安装memcached'),
	(521, 'admin', 1, '127.0.0.1', '', 1441952898, '管理员', '编辑了文章：[php扩展安装]为php安装memcached扩展'),
	(522, 'admin', 1, '127.0.0.1', '', 1441952905, '管理员', '编辑了文章：[php扩展安装]为php安装redis扩展'),
	(523, 'admin', 1, '127.0.0.1', '', 1441952911, '管理员', '编辑了文章：[Zephir官方文档翻译之一] 欢迎来到Zephir！'),
	(524, 'admin', 1, '127.0.0.1', '', 1441952919, '管理员', '编辑了文章：[Zephir官方文档翻译之二] 为什么选择 Zephir?'),
	(525, 'admin', 1, '127.0.0.1', '', 1441952925, '管理员', '编辑了文章：[Zephir官方文档翻译之三]  介绍 Zephir'),
	(526, 'admin', 1, '127.0.0.1', '', 1441952932, '管理员', '编辑了文章：[Zephir官方文档翻译之四] 安装Zephir'),
	(527, 'admin', 1, '127.0.0.1', '', 1441952964, '管理员', '编辑了文章：[Zephir官方文档翻译之五] 入门指导'),
	(528, 'admin', 1, '127.0.0.1', '', 1441969453, '管理员', '删除了文章：测试一下'),
	(529, 'admin', 1, '127.0.0.1', '', 1441980183, '管理员', '登录系统成功'),
	(530, 'admin', 1, '127.0.0.1', '', 1441980743, '管理员', '登录系统成功'),
	(531, 'admin', 1, '127.0.0.1', '', 1441980918, '管理员', '编辑了工作流步骤：测试辅助权限工作流步骤'),
	(532, 'admin', 1, '127.0.0.1', '', 1441980921, '管理员', '关联了用户：test 到工作流：辅助权限测试2 中的审核步骤：测试辅助权限工作流步骤'),
	(533, 'admin', 1, '127.0.0.1', '', 1441980921, '管理员', '关联了用户：管理员 到工作流：辅助权限测试2 中的审核步骤：测试辅助权限工作流步骤'),
	(534, 'admin', 1, '127.0.0.1', '', 1441980928, '管理员', '编辑了系统用户：test'),
	(535, 'admin', 1, '127.0.0.1', '', 1441980934, '管理员', '改变了用户的权限：test'),
	(536, 'admin', 1, '127.0.0.1', '', 1441981059, '管理员', '登录系统成功'),
	(537, 'admin', 1, '127.0.0.1', '', 1441981172, '管理员', '登录系统成功'),
	(538, 'admin', 1, '127.0.0.1', '', 1441981184, '管理员', '编辑了系统用户：test'),
	(539, 'admin', 1, '127.0.0.1', '', 1441981188, '管理员', '改变了用户的权限：test'),
	(540, 'admin', 1, '127.0.0.1', '', 1526542042, '管理员', '登录系统成功'),
	(541, 'admin', 1, '127.0.0.1', '', 1526542167, '管理员', '增加了新的工作流：我的工作流'),
	(542, 'admin', 1, '127.0.0.1', '', 1526542211, '管理员', '增加了新的工作流步骤：经理审核'),
	(543, 'admin', 1, '127.0.0.1', '', 1526542231, '管理员', '关联了用户：test 到工作流：我的工作流 中的审核步骤：经理审核'),
	(544, 'admin', 1, '127.0.0.1', '', 1526542277, '管理员', '增加了新的工作流步骤：boss审批'),
	(545, 'admin', 1, '127.0.0.1', '', 1526542629, '管理员', '编辑了系统用户：test'),
	(546, 'admin', 1, '127.0.0.1', '', 1526542656, '管理员', '改变了用户组的权限：test'),
	(547, 'test', 2, '127.0.0.1', '', 1526542673, 'test', '登录系统成功'),
	(548, 'admin', 1, '127.0.0.1', '', 1526544764, '管理员', '登录系统成功');
/*!40000 ALTER TABLE `bk_action_log` ENABLE KEYS */;

-- 导出  表 mrblog.bk_group 结构
CREATE TABLE IF NOT EXISTS `bk_group` (
  `id` int(11) NOT NULL AUTO_INCREMENT,
  `group_name` varchar(255) NOT NULL COMMENT '用户组名',
  `mark` varchar(255) NOT NULL COMMENT '备注',
  `status` tinyint(1) NOT NULL DEFAULT '1' COMMENT '是否禁用',
  `level` int(11) NOT NULL DEFAULT '0' COMMENT '用户组等级，低等级的不能对高等级的用户做修改',
  PRIMARY KEY (`id`)
) ENGINE=InnoDB AUTO_INCREMENT=3 DEFAULT CHARSET=utf8 COMMENT='用户组表_by_jiang';

-- 正在导出表  mrblog.bk_group 的数据：~2 rows (大约)
/*!40000 ALTER TABLE `bk_group` DISABLE KEYS */;
INSERT INTO `bk_group` (`id`, `group_name`, `mark`, `status`, `level`) VALUES
	(1, '超级用户组', '123123a', 1, 1),
	(2, 'test', '1 ', 1, 1);
/*!40000 ALTER TABLE `bk_group` ENABLE KEYS */;

-- 导出  表 mrblog.bk_permission 结构
CREATE TABLE IF NOT EXISTS `bk_permission` (
  `id` int(11) NOT NULL AUTO_INCREMENT,
  `module` varchar(255) NOT NULL COMMENT '模块',
  `class` varchar(255) NOT NULL COMMENT '类',
  `action` varchar(255) NOT NULL COMMENT '函数',
  `name` varchar(255) NOT NULL COMMENT '节点的名字',
  `display` tinyint(1) NOT NULL DEFAULT '0' COMMENT '1为显示为菜单，0则不显示',
  `pid` int(11) NOT NULL DEFAULT '0' COMMENT '节点的父节点，此值一般用于输出树形结构，0则为顶级',
  `sort` int(11) NOT NULL DEFAULT '0' COMMENT '排序',
  `level` tinyint(2) NOT NULL DEFAULT '1' COMMENT '第几级菜单',
  `mark` varchar(255) NOT NULL COMMENT '备注',
  `add_time` bigint(20) NOT NULL COMMENT '增加的日期',
  PRIMARY KEY (`id`),
  KEY `module` (`module`) USING BTREE,
  KEY `class` (`class`) USING BTREE,
  KEY `action` (`action`) USING BTREE
) ENGINE=InnoDB AUTO_INCREMENT=74 DEFAULT CHARSET=utf8 COMMENT='权限节点表_by_jiang';

-- 正在导出表  mrblog.bk_permission 的数据：~32 rows (大约)
/*!40000 ALTER TABLE `bk_permission` DISABLE KEYS */;
INSERT INTO `bk_permission` (`id`, `module`, `class`, `action`, `name`, `display`, `pid`, `sort`, `level`, `mark`, `add_time`) VALUES
	(1, 'foundation', '系统管理', '系统管理', '系统管理', 1, 0, 0, 1, '系统管理页面，不作权限验证，只用做菜单显示', 0),
	(2, 'foundation', 'group', 'index', '用户组管理', 1, 67, 2, 3, '用户组管理页面', 0),
	(3, 'foundation', 'acl', 'index', '功能管理', 1, 67, 1, 3, '功能管理页面', 0),
	(4, 'foundation', 'user', 'index', '用户管理', 1, 67, 3, 3, '用户管理页面', 0),
	(20, 'foundation', 'user', 'add', '增加用户', 0, 4, 0, 4, '增加一个用户', 0),
	(23, 'foundation', 'group', 'add', '增加用户组', 0, 2, 0, 4, '增加用户组', 1406882443),
	(24, 'foundation', 'group', 'edit', '用户组编辑', 0, 2, 0, 4, '用户组编辑', 1406882515),
	(25, 'foundation', 'group', 'delete', '用户组删除', 0, 2, 0, 4, '用户组删除、批量删除', 1406882542),
	(26, 'foundation', 'acl', 'group', '用户组权限管理', 0, 2, 0, 4, '用户组权限管理', 1406882568),
	(27, 'foundation', 'user', 'edit', '用户编辑', 0, 4, 0, 4, '用户编辑', 1406882640),
	(28, 'foundation', 'user', 'delete', '用户删除', 0, 4, 0, 4, '用户删除', 1406882664),
	(29, 'foundation', 'acl', 'user', '用户权限管理', 0, 4, 0, 4, '用户权限管理、设置用户权限', 1406882698),
	(30, 'foundation', 'acl', 'add', '增加功能菜单', 0, 3, 0, 4, '增加功能菜单', 1406882729),
	(31, 'foundation', 'acl', 'edit', '功能菜单编辑', 0, 3, 0, 4, '功能菜单编辑', 1406882754),
	(32, 'foundation', 'acl', 'delete', '功能菜单删除', 0, 3, 0, 4, '功能菜单删除', 1406882775),
	(33, 'foundation', 'acl', 'sort', '功能菜单排序', 0, 3, 0, 4, '功能菜单排序', 1406882815),
	(43, 'foundation', 'index', 'cs', '功能示例', 1, 1, 0, 2, '一些小功能的合集，可以用来加快开发的速度。', 1427788812),
	(44, 'foundation', 'upload', 'index', '弹出窗口上传', 0, 66, 0, 2, '通用的弹出窗口上传。', 1427790345),
	(53, 'foundation', 'log', 'action', '操作日志', 1, 68, 0, 3, '查看操作日志', 1433319136),
	(55, '工作流管理', '工作流管理', '工作流管理', '工作流管理', 1, 1, 0, 2, '', 1434093108),
	(56, 'workflow', 'index', 'add', '工作流增加', 0, 73, 0, 4, '增加新的工作流程', 1434333268),
	(57, 'workflow', 'index', 'edit', '工作流编辑', 0, 73, 0, 4, '修改工作流信息', 1434336714),
	(58, 'workflow', 'index', 'delete', '工作流删除', 0, 73, 0, 4, '删除工作流', 1434338279),
	(59, 'workflow', 'step', 'index', '工作流详情', 0, 55, 1, 3, '查看工作流详情', 1434345119),
	(60, 'workflow', 'step', 'add', '增加工作流步骤', 0, 59, 0, 4, '增加工作流步骤', 1434349481),
	(61, 'workflow', 'step', 'edit', '编辑工作流步骤', 0, 59, 0, 4, '编辑工作流步骤', 1434353110),
	(62, 'workflow', 'step', 'delete', '工作流步骤删除', 0, 59, 0, 4, '工作流步骤删除', 1434354926),
	(63, 'workflow', 'step', 'relation', '工作流设置关联人员', 0, 59, 0, 4, '工作流设置关联人员', 1434422499),
	(66, '通用功能', '通用功能', '通用功能', '通用功能', 0, 0, 0, 1, '通用功能，一般会开发这些功能给用户。', 1435545336),
	(67, '用户与权限管理', '用户与权限管理', '用户与权限管理', '用户与权限管理', 1, 1, 0, 2, '包括功能用户管理、用户组管理、功能管理，权限管理。', 1436147892),
	(68, '系统日志', '系统日志', '系统日志', '系统日志', 1, 1, 0, 2, '主要是各类的系统日志', 1436147908),
	(73, 'workflow', 'index', 'index', '工作流列表', 1, 55, 2, 3, '', 1436232634);
/*!40000 ALTER TABLE `bk_permission` ENABLE KEYS */;

-- 导出  表 mrblog.bk_users 结构
CREATE TABLE IF NOT EXISTS `bk_users` (
  `id` int(11) NOT NULL AUTO_INCREMENT,
  `name` varchar(50) NOT NULL COMMENT '用户名',
  `password` varchar(255) NOT NULL COMMENT '用户密码',
  `group_id` int(11) NOT NULL,
  `realname` varchar(255) NOT NULL DEFAULT '' COMMENT '真实性名',
  `token` varchar(255) NOT NULL COMMENT '用户注册时的密钥',
  `add_time` bigint(20) NOT NULL COMMENT '用户注册的时间',
  `modify_time` bigint(20) NOT NULL COMMENT '用户信息所修改的时间',
  `mobile` varchar(11) NOT NULL COMMENT '手机',
  `status` tinyint(1) NOT NULL DEFAULT '1' COMMENT '用户禁用0正常的1',
  `mark` varchar(255) NOT NULL DEFAULT '' COMMENT '备注',
  `last_login_ip` varchar(255) NOT NULL COMMENT '最后登录ip',
  `last_login_time` bigint(20) NOT NULL,
  PRIMARY KEY (`id`),
  UNIQUE KEY `name` (`name`) USING BTREE,
  KEY `password` (`password`) USING BTREE,
  KEY `group_id` (`group_id`) USING BTREE
) ENGINE=InnoDB AUTO_INCREMENT=3 DEFAULT CHARSET=utf8 COMMENT='用户表_by_jiang';

-- 正在导出表  mrblog.bk_users 的数据：~2 rows (大约)
/*!40000 ALTER TABLE `bk_users` DISABLE KEYS */;
INSERT INTO `bk_users` (`id`, `name`, `password`, `group_id`, `realname`, `token`, `add_time`, `modify_time`, `mobile`, `status`, `mark`, `last_login_ip`, `last_login_time`) VALUES
	(1, 'admin', '6512bd43d9caa6e02c990b0a82652dca', 1, '管理员', 'oyzzO7YxmgJHlAfdK5HaZMscegJPcTrw5drPQRS6bjlfAkTB6NELPvqpc12q', 0, 0, '12', 1, '超级用户组', '127.0.0.1', 1526544764),
	(2, 'test', 'e10adc3949ba59abbe56e057f20f883e', 2, 'test', '', 1436169648, 0, '11', 1, '1', '127.0.0.1', 1526542673);
/*!40000 ALTER TABLE `bk_users` ENABLE KEYS */;

-- 导出  表 mrblog.bk_workflow 结构
CREATE TABLE IF NOT EXISTS `bk_workflow` (
  `id` int(11) NOT NULL AUTO_INCREMENT,
  `name` varchar(255) NOT NULL COMMENT '工作流的名字',
  `description` text NOT NULL COMMENT '描述',
  `addtime` int(11) NOT NULL DEFAULT '0' COMMENT '数据插入的时间',
  `code` varchar(20) NOT NULL COMMENT '调用字符串，用于与程序结合',
  `type` tinyint(1) NOT NULL DEFAULT '0' COMMENT '工作流的类型，1为多用户的类OA审核，2为辅助权限',
  PRIMARY KEY (`id`),
  UNIQUE KEY `code` (`code`) USING BTREE,
  KEY `type` (`type`) USING BTREE
) ENGINE=InnoDB AUTO_INCREMENT=12 DEFAULT CHARSET=utf8 COMMENT='工作流表';

-- 正在导出表  mrblog.bk_workflow 的数据：~3 rows (大约)
/*!40000 ALTER TABLE `bk_workflow` DISABLE KEYS */;
INSERT INTO `bk_workflow` (`id`, `name`, `description`, `addtime`, `code`, `type`) VALUES
	(8, '测试工作流', '测试工作流2', 1434508916, 'W_sdfg', 1),
	(10, '辅助权限测试2', '辅助权限测试2a', 1436510712, 'W_dd', 2),
	(11, '我的工作流', '我的工作流', 1526542167, 'W_mywork', 1);
/*!40000 ALTER TABLE `bk_workflow` ENABLE KEYS */;

-- 导出  表 mrblog.bk_workflow_step 结构
CREATE TABLE IF NOT EXISTS `bk_workflow_step` (
  `id` int(11) NOT NULL AUTO_INCREMENT,
  `workflow_id` int(11) NOT NULL COMMENT '所属的工作流',
  `name` varchar(255) NOT NULL COMMENT '工作流步骤的名称',
  `description` text NOT NULL COMMENT '工作流步骤的描述',
  `step_level` tinyint(4) NOT NULL DEFAULT '0' COMMENT '该工作流步骤所处的第几步,如果为99代表已经审核完成',
  `code` varchar(20) NOT NULL COMMENT '主要用于权限辅助调用',
  `addtime` int(11) NOT NULL COMMENT '数据增加的日期',
  PRIMARY KEY (`id`),
  KEY `workflow_id` (`workflow_id`) USING BTREE,
  KEY `step_level` (`step_level`) USING BTREE,
  KEY `code` (`code`) USING BTREE
) ENGINE=InnoDB AUTO_INCREMENT=18 DEFAULT CHARSET=utf8 COMMENT='工作流的详细步骤';

-- 正在导出表  mrblog.bk_workflow_step 的数据：~5 rows (大约)
/*!40000 ALTER TABLE `bk_workflow_step` DISABLE KEYS */;
INSERT INTO `bk_workflow_step` (`id`, `workflow_id`, `name`, `description`, `step_level`, `code`, `addtime`) VALUES
	(9, 8, '测试1', '1', 1, '', 1434516742),
	(10, 8, '测试2', '2', 2, '', 1434516769),
	(15, 10, '测试辅助权限工作流步骤', '测试辅助权限工作流步骤a', 0, 'W_sdfsf', 1436510782),
	(16, 11, '经理审核', '第一步', 1, '', 1526542211),
	(17, 11, 'boss审批', 'boss审批', 2, '', 1526542277);
/*!40000 ALTER TABLE `bk_workflow_step` ENABLE KEYS */;

-- 导出  表 mrblog.bk_workflow_user 结构
CREATE TABLE IF NOT EXISTS `bk_workflow_user` (
  `id` int(11) NOT NULL AUTO_INCREMENT,
  `workflow_step_id` int(11) NOT NULL COMMENT '工作流步骤的ID',
  `user_id` int(11) NOT NULL COMMENT '后台管理员的ID',
  `workflow_id` int(11) NOT NULL COMMENT '工作流ID',
  PRIMARY KEY (`id`),
  KEY `user_id` (`user_id`) USING BTREE,
  KEY `workflow_step_id` (`workflow_step_id`) USING BTREE,
  KEY `workflow_id` (`workflow_id`) USING BTREE
) ENGINE=InnoDB AUTO_INCREMENT=30 DEFAULT CHARSET=utf8;

-- 正在导出表  mrblog.bk_workflow_user 的数据：~5 rows (大约)
/*!40000 ALTER TABLE `bk_workflow_user` DISABLE KEYS */;
INSERT INTO `bk_workflow_user` (`id`, `workflow_step_id`, `user_id`, `workflow_id`) VALUES
	(19, 9, 1, 8),
	(23, 10, 3, 8),
	(27, 15, 2, 10),
	(28, 15, 1, 10),
	(29, 16, 2, 11);
/*!40000 ALTER TABLE `bk_workflow_user` ENABLE KEYS */;

/*!40101 SET SQL_MODE=IFNULL(@OLD_SQL_MODE, '') */;
/*!40014 SET FOREIGN_KEY_CHECKS=IF(@OLD_FOREIGN_KEY_CHECKS IS NULL, 1, @OLD_FOREIGN_KEY_CHECKS) */;
/*!40101 SET CHARACTER_SET_CLIENT=@OLD_CHARACTER_SET_CLIENT */;
